OBJECTID;Name;Park Type;File Number;Parcel Count;Development Status;Map Acres;Address;Zip Code;Alternate Address;LWCF;Park ID;Initial Acquisition;Shape__Area;Shape__Length;City Council District;In Raleigh City Limits;In Raleigh ETJ;CAC;Parks Maintenance District;FEMA Lot;Point - Latitude;Point - Longitude;Open Space Facility Fee Zone;Park Website;GlobalID
1;Windemere Beaver Dam;Neighborhood;N-27;2;Developed;14.7672505274855;1500 Nottingham Rd;27607;NA;Yes;34;1/1/1950 12:00:00 AM;643264.005737305;11375.221312911;D;1;1;Hillsborough-Wade;4;0;35.81211;-78.67235;3;https://raleighnc.gov/places/windemere-beaver-dam-park;c5b2a0cf-6e1d-4611-9e0a-bd8aa9a4f973
2;Walnut Creek Athletic Complex;Metro;METRO-6;9;Developed;104.842962854857;1201 Sunnybrook Rd;27610;NA;No;35;1/1/1955 12:00:00 AM;4566977.73217773;11257.4001087931;C;1;1;Southeast;2;0;35.76046;-78.57935;4;https://raleighnc.gov/places/walnut-creek-athletic-complex;7d31cc76-d639-47b5-91c1-0eef4655814c
3;Thornton Road Property;Community;C-17;2;Undeveloped;130.608385448823;5600 Thornton Rd;27616;6100 Thornton Rd;No;1;10/7/1998 12:00:00 AM;5689324.02722168;13130.1091244739;B;1;1;Forestville;6;0;35.90182;-78.53925;2;;0a65dc63-2754-4a02-b287-fc803cecd8c4
4;Mary Belle Pate;Neighborhood;N-44;1;Developed;2.44747525666874;2640 Sierra Dr;27603;NA;No;2;8/31/2009 12:00:00 AM;106612.448852539;1412.46421795516;D;1;1;Southwest;1;0;35.75202;-78.6801;3;https://raleighnc.gov/places/mary-belle-pate-park;74101e17-353d-46a0-a585-1ef4e148a271
5;Eliza Pool;Neighborhood;N-31;2;Developed;5.88817775721049;1600 Fayetteville St;27603;NA;No;3;2/29/1996 12:00:00 AM;256490.049316406;2730.91631739369;D;1;1;Southwest;1;0;35.75928;-78.64293;3;https://raleighnc.gov/places/eliza-pool-park;d8e77f46-bbce-4a83-92e6-a82f600bfc91
6;Lions;Community;C-7;2;Developed;41.4064391086042;516 Dennis Ave;27604;NA;Yes;4;8/10/1953 12:00:00 AM;1803671.70202637;7578.89260677595;C;1;1;East;2;0;35.797;-78.61428;4;https://raleighnc.gov/places/lions-park;7432e7eb-9d12-447d-90f9-1a5839d2c374
7;Marsh Creek;Community;C-8;6;Developed;142.937593646708;3016 New Hope Rd;27604;NA;Yes;5;4/20/1973 12:00:00 AM;6226386.48449707;15173.5947666697;C;1;1;Northeast;6;0;35.82269;-78.5616;4;https://raleighnc.gov/places/marsh-creek-park;9abdea83-6ceb-4d0e-8040-282a9501189b
8;Optimist;Community;C-9;1;Developed;30.7208295385182;5900 Whittier Dr;27609;NA;Yes;6;1/1/1969 12:00:00 AM;1338204.68798828;7955.38673425405;A;1;1;Midtown;3;0;35.86353;-78.64661;1;https://raleighnc.gov/places/optimist-park;013e7085-5e18-47b6-b1a4-a8d18b733825
9;Bragg Street;Mini;M-1;2;Developed;0.313492648433157;1116 South Person St;27601;NA;No;7;5/23/1968 12:00:00 AM;13655.7944335938;481.801934660698;C;1;1;Central;1;0;35.76603;-78.63595;4;https://raleighnc.gov/places/bragg-street-park;1756430d-6b6a-47ad-a068-8e5c97672d9f
10;Lenoir Street;Mini;M-10;2;Developed;0.315464646079589;626 W Lenoir St;27603;NA;No;8;6/10/1971 12:00:00 AM;13741.6948242188;482.645679349752;D;1;1;Central;5;0;35.77348;-78.64874;3;https://raleighnc.gov/places/lenoir-street-park;021870e3-4312-4a80-a229-de37f189b373
11;Compiegne;Mini;M-11;1;Developed;0.457370584414365;106 Chamberlain St;27607;NA;No;9;;19923.142578125;605.159517657175;D;1;1;Hillsborough-Wade;4;0;35.78814;-78.66617;3;https://raleighnc.gov/places/compiegne-park;94606708-e6c7-499c-ad63-4ebd449f53e0
12;Mordecai Mini Park;Mini;M-12;1;Developed;0.465995528001902;1122 North Blount St;27604;NA;No;10;7/20/1926 12:00:00 AM;20298.8461914063;582.529584916562;C;1;1;Mordecai;5;0;35.79583;-78.63518;4;https://raleighnc.gov/places/mordecai-mini-park;0f29127a-1ec9-4297-b0c1-2be9ea1da2c3
13;Biltmore Hills;Community;C-1;2;Developed;46.6625532281618;2615 Fitzgerald Dr;27610;NA;Yes;11;6/1/1964 12:00:00 AM;2032628.94934082;7067.0009700041;C;1;1;South;1;0;35.7463;-78.62659;4;https://raleighnc.gov/places/biltmore-hills-park;a648a4c4-6d4b-4e17-a99c-0718369a2754
14;Worthdale;Community;C-10;4;Developed;36.1421818974414;1001 Cooper Rd;27610;NA;Yes;12;1/1/1963 12:00:00 AM;1574359.74182129;7150.46077669704;C;1;1;Southeast;2;0;35.76295;-78.58586;4;https://raleighnc.gov/places/worthdale-park;f439d063-a3a4-41f8-9dd8-928ad168cc4f
15;Lake Lynn;Community;C-11;2;Developed;51.9290035358867;7921 Ray Rd;27613;NA;No;13;7/31/1987 12:00:00 AM;2262036.44226074;11236.2054378496;A;1;1;Northwest;3;0;35.8881;-78.69884;1;https://raleighnc.gov/places/lake-lynn-park;ff092ab8-acce-4fb4-a012-4e3f38c3dac7
16;Horseshoe Farm Nature Preserve;Nature Preserve;NP-3;3;Developed;144.826733362175;2900 Horseshoe Farm Rd;27587;NA;No;14;10/20/1994 12:00:00 AM;6308677.73986816;13069.4226690607;B;1;1;Forestville;6;0;35.88453;-78.53638;2;https://raleighnc.gov/places/horseshoe-farm-nature-preserve;2dda7e6c-bd1d-42bb-9f56-8adf423b1c6e
17;Alvis Farm;Community;C-18;7;Undeveloped;99.0514552421959;3603 Tarheel Clubhouse Rd;27604;NA;No;15;2/10/2000 12:00:00 AM;4314698.64990234;14238.3037546807;;0;1;Northeast;6;0;35.8241;-78.53598;4;;40e8118e-5083-406b-9a64-94aa173707a6
18;Oakwood Common;Mini;M-15;1;Developed;0.127291839691234;535 N East St;27604;NA;No;22;4/11/1991 12:00:00 AM;5544.85473632813;315.889816017609;C;1;1;North Central;5;0;35.78787;-78.63214;4;https://raleighnc.gov/places/oakwood-commons-park;f537cbde-5ac4-41e5-baba-fcb5ccba3001
19;Varnell;Mini;M-17;2;Developed;0.442181066512944;2104 Varnell Ave;27612;2108 Varnell Ave;No;23;;19261.4844970703;620.520769452008;E;1;1;Glenwood;4;0;35.83348;-78.67274;1;https://raleighnc.gov/places/varnell-park;c7dbed7e-c443-4b65-81a4-6739ef9977c0
20;John Chavis Memorial Park;Community;C-3;7;Developed;28.8555257377998;505 Martin Luther King Jr Blvd;27601;NA;Yes;16;1/1/1970 12:00:00 AM;1256951.73046875;9329.13714204211;C;1;1;Central;Destination Parks;0;35.7698;-78.63021;4;https://raleighnc.gov/places/john-chavis-memorial-park;8f0d0034-0477-4fd3-84bc-6d175747d768
21;Brookhaven;Neighborhood;N-3;1;Developed;25.7794210701854;5125 Berkeley St;27612;NA;Yes;17;9/6/1973 12:00:00 AM;1122956.0736084;4898.00139699315;E;1;1;Northwest;3;0;35.85407;-78.68569;1;https://raleighnc.gov/places/brookhaven-nature-park;1492f81d-a060-4a88-8b30-819c35fad3a4
22;Durant Nature Preserve;Nature Preserve;NP-2;2;Developed;241.617043715999;8305 Camp Durant Rd;27601;NA;Yes;18;1/1/1979 12:00:00 AM;10524880.5233154;18089.896455253;B;1;1;North;6;0;35.89175;-78.58369;2;https://raleighnc.gov/places/durant-nature-preserve;44ba546c-2cc6-446d-a503-987a499c037c
23;Anderson Point;Community;C-12;3;Developed;89.5682310959923;20 Anderson Point Dr;27610;NA;No;19;7/28/1988 12:00:00 AM;3901607.75378418;11235.2811171543;C;1;1;Southeast;2;0;35.7704;-78.54234;4;https://raleighnc.gov/places/anderson-point-park;f8d48308-fbf6-4bee-afd9-20211fc6b644
24;Quarry Street;Mini;M-13;4;Developed;0.358509345761367;731 Quarry St;27601;NA;No;20;4/30/1971 12:00:00 AM;15616.7297363281;507.179118413253;C;1;1;South Central;5;0;35.76899;-78.62323;4;https://raleighnc.gov/places/quarry-street-park;fe683784-de18-4038-9bc6-0e74e67ea8a1
25;Spring;Mini;M-14;1;Developed;0.366444359504459;1422 Collegeview Ave;27606;NA;No;21;;15962.3800048828;495.923078599789;D;1;1;West;1;0;35.77831;-78.68605;3;https://raleighnc.gov/places/spring-park;a1ac5996-4ed9-40b7-b17b-95b66da2f365
26;Junious N. Sorrell;Mini;M-18;4;Developed;0.301541861086661;416 E Lee St;27601;NA;No;24;1/8/1982 12:00:00 AM;13135.2158203125;464.634594298169;C;1;1;Central;1;0;35.76677;-78.6332;4;https://raleighnc.gov/places/junious-n-sorrell-park;c09811b1-e422-4344-9c5a-fd12f318609e
27;Caraleigh;Mini;M-2;1;Developed;0.551328358778543;110 Maywood Ave;27603;NA;No;25;8/12/1970 12:00:00 AM;24015.9594726563;652.602369669865;D;1;1;Southwest;1;0;35.76111;-78.64622;3;https://raleighnc.gov/places/caraleigh-park;f8c998c7-1b2e-4b02-a641-7f7458c62998
28;Davie Street;Mini;M-4;3;Developed;0.96581385973425;908 East Davie St;27601;NA;No;26;5/18/1949 12:00:00 AM;42071.0200195313;894.961723232656;C;1;1;South Central;5;0;35.77497;-78.62437;4;https://raleighnc.gov/places/davie-street-park;8c474f76-dfce-4297-8e45-04b46dbb3aff
29;Fisher Street;Mini;M-5;1;Developed;0.273580716682089;324 N Fisher St;27610;328 N Fisher St;No;27;5/26/1969 12:00:00 AM;11322.8131103516;428.713503178852;C;1;1;North Central;2;0;35.7836;-78.6145;4;https://raleighnc.gov/places/fisher-street-park;8e68e1f1-9504-41c0-84c4-7a9fd585ae63
30;LeVelle Moton;Mini;M-9;3;Developed;0.572474145632959;920 E Lane St;27601;213 Idlewild Ave;No;28;8/21/1969 12:00:00 AM;24584.3918457031;772.32652806385;C;1;1;North Central;5;0;35.78316;-78.62606;4;https://raleighnc.gov/places/lane-street-park;1666c583-761e-44fa-a099-8d83952a30ea
31;Shelley Lake - Sertoma;Metro;METRO-4;3;Developed;144.820103569085;1400 W Millbrook Rd;27612;NA;Yes;29;1/1/1972 12:00:00 AM;6308388.94555664;20853.8323942268;A;1;1;North;3;0;35.85847;-78.66117;1;https://raleighnc.gov/places/shelley-lake-park;bf01eabc-2829-4119-bc90-ca36098aea11
32;Strickland;Neighborhood;N-32;1;Developed;36.0987353688465;12804 Strickland Rd;27613;NA;No;30;1/6/1998 12:00:00 AM;1572467.20300293;5199.10292141573;E;1;1;Northwest;3;0;35.90982;-78.71459;1;https://raleighnc.gov/places/strickland-road-neighborhood-park;5e935c76-c1bc-49b1-8c3e-04ce3f11f001
33;Isabella Cannon;Neighborhood;N-34;1;Developed;3.52617729008228;2601 Kilgore Ave;27607;NA;No;31;11/21/1937 12:00:00 AM;153600.897216797;2179.17982375544;D;1;1;Hillsborough-Wade;4;0;35.79245;-78.66947;3;https://raleighnc.gov/places/isabella-cannon-park;f1a4a98e-2dd6-4d41-838a-b94be3e81ae9
35;Sanderford Road;Neighborhood;N-17;1;Developed;23.4770063727929;2623 Sanderford Rd;27610;NA;Yes;33;4/3/1970 12:00:00 AM;1022662.48791504;5328.80791022847;C;1;1;South;1;0;35.74319;-78.61128;4;https://raleighnc.gov/places/sanderford-road-park;da7a4132-b91f-4c45-b971-eda57904826b
36;FEMA HMGP Phase 1 - 2;Open Space;OS-41;2;Undeveloped;1.06572468499647;3824 Quail Hollow Dr;27609;3828 Quail Hollow Dr;No;98;1/7/1999 12:00:00 AM;46423.1533203125;844.587039801031;A;1;1;Midtown;Not Assigned;1;35.8352;-78.62495;2;;4dcb92b3-9dc9-47c3-ab2c-ade8a604cef9
37;Claremont;Open Space;OS-42;1;Undeveloped;11.5165758315484;2825 Anderson Dr;27609;NA;No;99;9/1/1949 12:00:00 AM;501664.049682617;4181.13486630471;E;1;1;Glenwood;4;0;35.8237;-78.63696;2;;a52d425e-07be-45a5-b6a8-13b0e55ab196
38;Pender Street Park;Open Space;OS-43;1;Developed;0.0875026789232918;1600 Pender St;27610;NA;No;100;1/1/1964 12:00:00 AM;3811.63195800781;270.800994199678;C;1;1;North Central;2;0;35.78226;-78.61564;4;https://raleighnc.gov/places/carver-park;affd4161-41eb-416f-8609-808851fccec3
39;Pasquotank & Granville;Open Space;OS-68;1;Undeveloped;0.467329724027511;3280 Granville Dr;27609;NA;No;101;;20356.9638671875;671.865584052885;E;1;1;Glenwood;Not Assigned;0;35.82759;-78.65934;1;;5edc9ade-3b19-41cb-b1c5-5fe245cb6bd8
40;Parnell;Open Space;OS-8;1;Undeveloped;5.59099635284066;430 Parnell Dr;27610;NA;No;102;2/28/1995 12:00:00 AM;243544.775512695;2303.69821841891;C;1;1;Southeast;Not Assigned;0;35.7748;-78.61123;4;;e89136f8-b2a1-46e7-9e1f-fbc838232265
41;Cowper Drive Median;Open Space;OS-9;1;Undeveloped;3.85560118619233;820 Holt Dr;27608;NA;No;103;12/31/1981 12:00:00 AM;167950.659545898;4663.95611858331;E;1;1;Five Points;4;0;35.80285;-78.64855;3;;5f4321bc-b054-41b7-a8f6-5a29822f52d4
42;Center for the Performing Arts;Special;SP-12;3;Developed;9.71802425280716;2 E South St;27601;NA;No;105;12/12/1984 12:00:00 AM;423318.829589844;4841.83711429389;D;1;1;Central;5;0;35.77132;-78.63959;4;;b925b7b8-04f0-43b6-8bc4-f67ca5ea964a
43;Martin L King Jr Memorial;Special;SP-11;3;Developed;2.41950347025698;900 Rock Quarry Rd;27601;NA;No;106;1/7/1991 12:00:00 AM;105393.99230957;1863.81200773246;C;1;1;South Central;2;0;35.76812;-78.61801;4;https://raleighnc.gov/places/dr-martin-luther-king-jr-memorial-gardens;d004b847-7211-4eef-af54-657b0f3a0100
44;Edna Metz Wells;Special;SP-14;1;Developed;2.94403943776753;1600 Park Dr;27610;NA;No;107;;128242.870849609;1683.52443261068;D;1;1;Hillsborough-Wade;4;0;35.78822;-78.65533;3;https://raleighnc.gov/places/edna-metz-wells-park;ef88e93d-e6fa-49df-8af2-8170355c51a3
45;City Cemetery;Special;SP-8;1;Developed;7.42767077204662;17 S East St;27601;NA;No;108;;323550.633300781;2676.22277779522;C;1;1;South Central;Not Assigned;0;35.77896;-78.63113;4;;90383737-88e9-432d-aecd-f1a992ad6161
46;FEMA HMGP Phase 1 - 6;Open Space;OS-52;1;Undeveloped;0.464371193727976;517 Oakland Dr;27609;NA;No;109;12/3/1999 12:00:00 AM;20228.0902099609;593.368773096131;E;1;1;Midtown;Not Assigned;1;35.82586;-78.62904;2;;58a9235e-1601-4033-a26c-307c3e637102
47;Nash Square;Special;SP-5;1;Developed;4.07721123141631;200 South McDowell St;27601;NA;No;110;;177604.031860352;1685.34666256661;D;1;1;Central;5;0;35.77773;-78.64268;4;;fd46ef3d-3161-43ea-aa30-5b2a752ebbe1
48;Lockwood;Special;SP-42;1;Developed;3.83004867983864;1000 Crabtree Blvd;27610;NA;No;111;12/27/1978 12:00:00 AM;166837.587890625;1791.68447456326;C;1;1;East;2;0;35.79525;-78.59824;4;https://raleighnc.gov/places/lockwood-park;6c60d66d-91ef-454c-8560-80cc8356273e
49;Longstreet;Special;SP-43;1;Developed;0.236087211605959;7334 Stuart Dr;27615;NA;No;112;7/16/1974 12:00:00 AM;10284.0002441406;436.983488497406;A;1;1;North;3;0;35.87597;-78.65047;1;https://raleighnc.gov/places/longstreet-park;1e041184-3147-40ae-80b0-bca955208ba2
50;Dacian;Special;SP-44;1;Developed;0.714459314461288;566 Dacian Rd;27610;NA;No;113;7/3/1975 12:00:00 AM;31121.9721679688;740.780532135864;C;1;1;Southeast;2;0;35.76214;-78.6015;4;https://raleighnc.gov/places/dacian-road-park;e18aaa3e-47c4-49d1-9af9-bf2d0137491d
51;Dixon;Special;SP-45;1;Developed;1.65654113080562;6100 Dixon Dr;27609;NA;No;114;7/21/1972 12:00:00 AM;72159.2203369141;1287.50770398684;A;1;1;Midtown;3;0;35.86324;-78.65146;1;https://raleighnc.gov/places/dixon-drive-park;6744230b-8eea-4ee6-832a-aa2aace74e58
52;Rose Garden & Raleigh Little Theatre;Special;SP-6;1;Developed;6.80520601297175;301 Pogue St;27607;NA;No;115;;296435.366699219;2429.67862545515;D;1;1;Hillsborough-Wade;Destination Parks;0;35.79144;-78.66883;3;http://www.raleighlittletheatre.org/;cb22bebb-78c4-45b2-9de9-2bc96fa905eb
53;Vallie Henderson;Special;SP-7;1;Developed;0.0961112854260207;314 Linden Ave;27601;NA;No;116;11/13/1979 12:00:00 AM;4244.501953125;284.672039319418;C;1;1;North Central;5;0;35.78449;-78.62905;4;https://raleighnc.gov/places/vallie-henderson-park;535f43d1-fa0c-4c08-a432-cfc8a6ed1e9e
54;Erinsbrook Drive Property;Neighborhood;N-38;1;Undeveloped;13.3233461644169;11921 Leesville Rd;27613;NA;No;117;6/30/2003 12:00:00 AM;580367.280395508;3894.16165758032;E;1;1;Northwest;3;0;35.91772;-78.74961;1;;048a19e7-1108-4bf7-b75b-79875dc69222
55;Southgate;Neighborhood;N-18;1;Developed;8.84180130981722;1801 Proctor Rd;27610;NA;Yes;118;3/26/1971 12:00:00 AM;385150.40612793;4582.67240804479;C;1;1;South;1;0;35.75566;-78.60731;4;https://raleighnc.gov/places/southgate-park;432f2d18-d474-4746-a1f5-1301e6a099d4
56;Hill Street;Neighborhood;N-19;1;Developed;16.583974184631;2307 Hill St;27604;NA;Yes;119;7/17/1973 12:00:00 AM;722400.80480957;4243.15091512469;C;1;1;Northeast;6;0;35.81315;-78.59088;4;https://raleighnc.gov/places/hill-street-park;087f528e-28b5-41d1-85c5-06c91b453a25
57;Longview Lake;Open Space;OS-25;1;Undeveloped;0.873899325511982;100 Longview Lake Dr;27610;NA;No;120;7/30/1965 12:00:00 AM;38067.2069091797;1123.75625139973;C;1;1;East;Not Assigned;0;35.78146;-78.59624;4;;b12f4f35-cb51-4f40-8477-3898c7f34ef5
58;Marshall;Open Space;OS-27;3;Undeveloped;1.53580102040408;1116 Marshall St;27604;NA;No;121;;66899.7602539063;2673.84694974112;C;1;1;Mordecai;5;0;35.79739;-78.63432;4;https://raleighnc.gov/places/marshall-memorial-park;1031f890-d517-42c4-92e5-c31d08b6d480
59;Lt. Col. George F. Marshall Memorial Park;Special;SP-46;1;Developed;5.88696132942808;3970 Blue Ridge Rd;27612;NA;No;122;12/16/2011 12:00:00 AM;256437.061401367;2820.4073330723;E;1;1;Glenwood;Not Assigned;0;35.83311;-78.67719;1;;aa5931f7-4b55-46f4-bfd4-12aca80c4da8
60;Mayview;Open Space;OS-28;1;Developed;0.518835107167277;2710 North Mayview Rd;27607;NA;No;123;;22600.5476074219;714.701776975764;D;1;1;Hillsborough-Wade;4;0;35.79755;-78.67053;3;;c50bd4dd-f820-4df3-81b9-e2cdefa66efa
61;Meadowbrook;Open Space;OS-29;4;Developed;1.20085636426441;614 Frank St;27604;NA;No;124;10/29/1956 12:00:00 AM;52309.5124511719;1974.57355253552;C;1;1;Mordecai;2;0;35.79584;-78.62497;4;;221f7ecf-c201-429d-a956-a831be6c2029
62;Barmettler;Open Space;OS-3;1;Undeveloped;1.17944383521037;2816 Barmettler St;27607;NA;No;125;2/1/1974 12:00:00 AM;51376.7789306641;1149.76253507563;D;1;1;Hillsborough-Wade;4;0;35.79913;-78.67391;3;;a7f199df-0174-4781-a8d1-85399e44870b
63;Walnut Creek South;Metro;METRO-7;10;Developed;201.973308939399;1201 Sunnybrook Rd;27610;NA;No;36;1/1/1984 12:00:00 AM;8797992.52929688;17450.7743114682;C;1;1;South;2;0;35.75033;-78.57815;4;;0e8d42c5-d464-4ff3-9917-aebd46d8f686
64;Apollo Heights;Neighborhood;N-1;1;Developed;4.26161792857259;756 Lunar Dr;27610;NA;No;37;4/5/1985 12:00:00 AM;185636.819580078;2578.50157293689;C;1;1;Southeast;2;0;35.76471;-78.6091;4;https://raleighnc.gov/places/apollo-heights-park;11bdd2f7-8d9d-4777-b9cf-1793cfcfc4dd
65;Kiwanis;Neighborhood;N-10;1;Developed;26.742912912511;2525 Noble Rd;27608;NA;No;38;2/4/1955 12:00:00 AM;1164925.94641113;4999.50301341529;E;1;1;Five Points;4;0;35.81726;-78.63152;2;https://raleighnc.gov/places/kiwanis-park;8331d711-d13c-4890-90a0-9144bcefc066
66;Glen Eden;Neighborhood;N-11;2;Developed;20.3494293059621;1500 Glen Eden Dr;27612;NA;No;39;11/20/1978 12:00:00 AM;886424.685668945;7110.90395224691;E;1;1;Northwest;4;0;35.82871;-78.68354;1;https://raleighnc.gov/places/glen-eden-pilot-park;6f3f9c45-0bed-4ea6-adcf-abcd8fde0c98
67;Method;Neighborhood;N-12;3;Developed;8.3194916827708;514 Method Rd;27607;NA;No;40;7/9/1982 12:00:00 AM;362398.50769043;3508.12192518181;D;1;1;West;1;0;35.79273;-78.69476;3;https://raleighnc.gov/places/method-community-park;a83c92a6-67cb-4d12-8793-b5356f7a95b0
68;North Hills;Neighborhood;N-13;3;Developed;31.9152083330172;100 Chowan Cir;27609;NA;Yes;41;11/13/1962 12:00:00 AM;1390232.03674316;7325.77561306767;A;1;1;Midtown;3;0;35.8384;-78.65779;1;https://raleighnc.gov/places/north-hills-park;997b61bb-7c73-4015-9454-325a3e14b8ad
69;Oakwood;Neighborhood;N-14;1;Developed;12.720987513157;910 Brookside Dr;27604;NA;No;42;;554128.432617188;3015.9229067488;C;1;1;North Central;2;0;35.79092;-78.624;4;https://raleighnc.gov/places/oakwood-park;bd437c38-fefd-4b84-978d-9be3cf932668
70;Roberts;Neighborhood;N-16;1;Developed;7.19880521264476;1300 E Martin St;27610;NA;Yes;43;8/15/1956 12:00:00 AM;313581.209960938;2297.37242947725;C;1;1;South Central;5;0;35.77553;-78.6183;4;https://raleighnc.gov/places/roberts-park;6c78df49-8ef8-4a71-87f1-a96ecc37e2cf
71;Halifax;Community;C-20;2;Developed;3.76833839676054;1015 Halifax St;27604;NA;No;44;7/19/1972 12:00:00 AM;164149.476928711;1639.6034873642;C;1;1;Mordecai;5;0;35.79327;-78.63884;4;https://raleighnc.gov/places/halifax-park;e7e0c451-21fa-43ca-b550-5db143c14f5d
72;Longview;Neighborhood;N-28;2;Developed;6.908096280994;321 Bertie Dr;27610;NA;No;45;6/19/1984 12:00:00 AM;300917.877685547;2943.41299462235;C;1;1;East;2;0;35.78637;-78.60845;4;;378038b5-0010-4ae7-9c31-d99aa4964028
73;John P “Top” Greene African American Cultural Park;Neighborhood;N-30;5;Developed;1.23073324079326;401 Martin Luther King Jr. Blvd;27601;NA;No;46;10/22/1982 12:00:00 AM;53610.9542236328;989.093462975337;C;1;1;Central;5;0;35.76958;-78.63325;4;https://raleighnc.gov/places/john-p-top-greene-park;486240fc-895c-4ccd-8c3c-361911c91be6
74;Chamberlain;Neighborhood;N-33;2;Developed;1.44060190603821;500 Chamberlain St;27607;NA;No;47;1/1/1928 12:00:00 AM;62752.8699951172;1045.36138872757;D;1;1;Hillsborough-Wade;4;0;35.79206;-78.66462;3;https://raleighnc.gov/places/chamberlain-park;abbd471b-a16a-4a62-b7e9-93acf485f9b2
75;Kingwood Forest;Neighborhood;N-35;3;Developed;4.17801887265791;2610 Evers Dr;27610;NA;Yes;48;1/1/1970 12:00:00 AM;181995.229980469;2360.59741753406;C;1;1;South;1;0;35.74465;-78.61881;4;https://raleighnc.gov/places/kingwood-forest-park;9b723fab-007a-4f91-bb90-c0d3223fdc34
76;Roanoke;Neighborhood;N-36;1;Developed;1.61680124220719;1500 Cherokee Dr;27608;NA;Yes;49;;70428.1439208984;2131.67154530538;E;1;1;Five Points;4;0;35.80254;-78.64032;2;https://raleighnc.gov/places/roanoke-park;396e4605-2dd0-4bad-8679-fe8414dd47ac
77;Wooten Meadow;Neighborhood;N-37;1;Developed;20.374051703067;2801 West Millbrook Rd;27612;NA;No;50;2/12/1996 12:00:00 AM;887497.242431641;6560.32820746704;E;1;1;Northwest;3;0;35.85949;-78.69454;1;https://raleighnc.gov/places/wooten-meadow-park;dc76f714-4802-4d57-a8db-0e10e0b043ec
78;Cedar Hills;Neighborhood;N-4;1;Developed;38.500579797283;5600 Sweetbriar Dr;27609;NA;No;51;11/1/1975 12:00:00 AM;1677091.9642334;6949.83396864723;A;1;1;Midtown;3;0;35.85946;-78.63055;2;https://raleighnc.gov/places/cedar-hills-park;b7e2080e-2ef6-42b9-bfdc-5f33e3794d7f
79;Williams;Neighborhood;N-20;1;Developed;8.70845736791337;1525 Lynn Rd;27612;NA;No;52;7/11/1975 12:00:00 AM;379341.920410156;2872.85517000012;A;1;1;North;3;0;35.86976;-78.66573;1;https://raleighnc.gov/places/williams-park;6ef09f77-f53e-4877-90fc-f4150221760c
80;Drewry Hills #2;Neighborhood;N-5;1;Developed;18.4342825891077;3400 Lassiter Mill Rd;27609;NA;Yes;53;4/20/1973 12:00:00 AM;803000.562255859;5246.33737833307;E;1;1;Midtown;Not Assigned;0;35.82527;-78.6475;2;;6b6db5ad-54ac-46a9-8e46-10f445430f3d
81;Eastgate;Neighborhood;N-6;1;Developed;25.2686619909535;4200 Quail Hollow Dr;27609;NA;Yes;54;2/16/1972 12:00:00 AM;1100707.31970215;5218.45586797115;A;1;1;Midtown;3;0;35.8396;-78.62319;2;https://raleighnc.gov/places/eastgate-park;e5f3f9de-50a8-4618-bfc1-185c03b9a15e
82;Fallon;Neighborhood;N-7;2;Developed;10.3263631318726;2601 Oxford Rd;27608;NA;Yes;55;1/2/1942 12:00:00 AM;449818.175292969;7008.03101506478;E;1;1;Five Points;4;0;35.8133;-78.6392;2;https://raleighnc.gov/places/fallon-park;dd3e5062-365d-4756-a4df-98dc5606754c
83;Kentwood;Neighborhood;N-9;1;Developed;14.6346347594297;4531 Kaplan Dr;27606;NA;Yes;56;4/21/1966 12:00:00 AM;637487.240234375;3426.56240185296;D;1;1;West;1;0;35.7757;-78.69608;3;https://raleighnc.gov/places/kentwood-park;5d6556d9-9a46-4b88-9423-952b11964cc1
84;Jackson;Open Space;OS-1;1;Developed;4.84522677198166;6312 Linville Dr;27606;NA;No;57;5/2/1992 12:00:00 AM;211058.92199707;1866.01319752015;D;1;1;West;1;0;35.7837;-78.71476;3;;c2913bed-132f-4e9f-abab-584392b2df39
85;FEMA HMGP Phase 3 - 1;Open Space;OS-12;2;Undeveloped;0.995086422395795;3827 Quail Hollow Dr;27609;3831 Quail Hollow Dr;No;58;11/12/1999 12:00:00 AM;43346.1379394531;829.788180647887;A;1;1;Midtown;Not Assigned;1;35.83554;-78.62586;2;;d284a7e6-24dc-49a6-aec5-d3f5124fd0d1
86;Idolbrook;Open Space;OS-13;1;Undeveloped;3.20545293965791;7599 Idolbrook Ln;27615;NA;No;59;;139630.088745117;2673.60899691288;A;1;1;North;3;0;35.8784;-78.64852;1;;7368f854-b4c9-4746-831e-6e346b33a722
87;Fenton;Open Space;OS-14;1;Undeveloped;0.358779283065216;0 Fenton St;27604;NA;No;60;7/14/1964 12:00:00 AM;15628.4877929688;527.728918723561;C;1;1;East;Not Assigned;0;35.80157;-78.6184;4;;080ac827-7931-498e-816f-681f36d607cb
88;Forest;Open Space;OS-15;2;Developed;1.85135339243461;300 E Forest Dr;27605;NA;No;61;;80645.2772216797;1643.24982305174;D;1;1;Hillsborough-Wade;4;0;35.78701;-78.65599;3;;ab4b3efb-7eca-46cd-b448-3445fb19c949
89;Drewry Hills;Open Space;OS-11;1;Developed;11.1353612580019;301 Marlowe Rd;27609;NA;Yes;62;;485058.276000977;2862.40479836464;E;1;1;Midtown;Not Assigned;0;35.82245;-78.63899;2;;41677eed-d1c7-44c8-9307-f52d36dfd892
90;East & West Gardner Street;Open Space;OS-17;1;Undeveloped;0.865677567663354;809 Fairall Dr;27607;NA;No;63;1/23/1963 12:00:00 AM;37709.0651855469;1799.01280599454;D;1;1;Hillsborough-Wade;Not Assigned;0;35.79558;-78.66859;3;;d9d76c55-a181-4afa-940b-c9aa8d6a20a1
91;Furches;Open Space;OS-16;1;Undeveloped;0.530491822147456;0 Furches St;27607;NA;No;64;;23108.3162841797;1209.07676104521;D;1;1;Hillsborough-Wade;4;0;35.79785;-78.68298;3;;ee9b4d9b-5c07-4398-b9bb-b272a7a34a45
92;FEMA HMGP Phase 3 - 2;Open Space;OS-18;1;Undeveloped;0.311916000762584;4205 Quail Hollow Dr;27609;NA;No;65;11/23/1999 12:00:00 AM;13587.1156005859;497.368963935904;A;1;1;Midtown;Not Assigned;1;35.83987;-78.62521;2;;d5bc8900-dea4-44bf-b4f0-1188b42c8945
93;Beckana;Open Space;OS-44;3;Developed;1.0088452051303;3707 Dade St;27612;3711 and 3715 Dade St;No;66;1/1/1977 12:00:00 AM;43945.4730224609;918.576459543369;E;1;1;Glenwood;4;0;35.83275;-78.66999;1;;f55b7d55-a846-45b7-8b02-70a024f9c6e5
94;Dogwood;Open Space;OS-45;1;Undeveloped;0.186791633070578;3112 Dogwood Dr;27604;NA;No;67;10/1/1977 12:00:00 AM;8136.67602539063;389.787275705435;C;1;1;Northeast;Not Assigned;0;35.81033;-78.58763;4;;bf7de017-76ba-4294-a5f6-33ff8c987bd1
95;Yadkin Circle;Open Space;OS-47;0;Undeveloped;0.282341958010145;Right of Way;27609;NA;No;68;;12298.865234375;393.339082783801;A;1;1;Midtown;3;0;35.84906;-78.65614;1;;664bdb22-c4cf-490b-9d73-835a63cc2b84
96;FEMA HMGP Phase 1 - 8;Open Space;OS-54;1;Undeveloped;0.296056031638286;5500 Mapleridge Rd;27609;NA;No;69;11/8/1999 12:00:00 AM;12896.2525634766;467.343257921254;A;1;1;Midtown;Not Assigned;1;35.85645;-78.62634;2;;9304e7e8-41e6-47f5-8713-5a7d2c3916bf
97;FEMA HMGP Phase 1 - 9;Open Space;OS-55;1;Undeveloped;0.330559836049603;2921 Anderson Dr;27608;NA;No;70;10/8/1999 12:00:00 AM;14399.244140625;481.536102230789;E;1;1;Glenwood;Not Assigned;1;35.82076;-78.63502;2;;9aa76654-9ee8-4ee3-99b2-980c6d41c529
98;FEMA HMGP Phase 1 - 10;Open Space;OS-56;1;Undeveloped;0.692030903954899;107 W Drewry Ln;27609;NA;No;71;11/12/1999 12:00:00 AM;30144.9865722656;720.364137785936;E;1;1;Midtown;Not Assigned;1;35.82483;-78.63608;2;;07b683aa-8f0a-4850-8e63-48722d4d5c8d
99;Chatham & Stevens;Open Space;OS-58;0;Undeveloped;0.15862027202698;Right of Way;27610;NA;No;72;;6909.52746582031;337.319041023119;C;1;1;East;Not Assigned;0;35.78682;-78.59827;4;;13850272-4ad4-4f15-b7a1-43bb956888b1
100;Six Oaks;Open Space;OS-6;1;Developed;0.662717072107674;103 Furches St;27607;NA;No;73;8/1/1925 12:00:00 AM;28868.0712890625;848.862237203609;D;1;1;Hillsborough-Wade;4;0;35.7941;-78.68156;3;;61a29b09-394a-492b-a451-e0fde99bf6ee
101;Kimbrough;Open Space;OS-20;1;Developed;1.33038239128875;730 Kimbrough St;27608;NA;No;74;12/1/1938 12:00:00 AM;57951.6885986328;1820.203613653;E;1;1;Five Points;4;0;35.8085;-78.62791;2;;f8ff0dbd-61eb-441c-a9f3-808fd17165b4
102;Quail Hollow;Open Space;OS-21;1;Undeveloped;0.380242230975273;4213 Quail Hollow Dr;27609;NA;No;75;12/27/2000 12:00:00 AM;16563.4180908203;518.781968546669;A;1;1;Midtown;3;1;35.84046;-78.62518;2;;18c02fc0-817f-4c87-8e60-b7cf6464a8ce
103;King William;Open Space;OS-22;1;Undeveloped;1.49150083840418;200 Donald Ross Dr;27610;NA;No;76;3/18/1968 12:00:00 AM;64970.0366210938;1255.61321118618;C;1;1;East;2;0;35.77989;-78.5923;4;;ca87ef2d-5021-42f0-917e-b6300213f762
104;West Lake;Open Space;OS-23;1;Undeveloped;2.96285187221561;2413 Lake Dr;27609;NA;No;77;6/19/1961 12:00:00 AM;129062.343383789;2865.97472794867;E;1;1;Glenwood;4;0;35.8179;-78.64517;2;;013edc94-1319-4ade-98e8-08ea3077d3e1
105;Pollock;Neighborhood;N-50;1;Developed;0.565894597535888;3301 Pollock Pl;27607;NA;No;78;;24650.466796875;893.03473511171;D;1;1;Hillsborough-Wade;4;0;35.7947;-78.67996;3;https://raleighnc.gov/places/pollock-place-park;4618e5d3-9805-4014-87ad-8cf55d703620
106;Poplar Spring;Open Space;OS-33;1;Developed;0.993951652885569;223 Poplar St;27604;NA;No;79;7/29/1926 12:00:00 AM;43296.7075195313;1010.62447573452;C;1;1;Mordecai;5;0;35.79518;-78.63344;4;;c10bf3d6-d58b-45b0-b34a-344a45dcc270
107;King Charles & Bertie;Open Space;OS-34;0;Undeveloped;0.177258341606344;Right of Way;27610;NA;No;80;;7721.40466308594;314.719514725811;C;1;1;East;Not Assigned;0;35.78344;-78.61103;4;;9cd56144-2ebb-4cf9-bf1d-1b3717d75775
108;Rothgeb;Open Space;OS-35;1;Developed;6.74206002328275;2739 Rothgeb Dr;27609;NA;No;81;7/16/1952 12:00:00 AM;293685.309448242;3895.16378086664;E;1;1;Glenwood;4;0;35.82174;-78.64211;2;https://raleighnc.gov/places/rothgeb-park;c0cb9706-3ebc-4f38-a177-1ba94153653e
109;Long Acres;Open Space;OS-36;1;Undeveloped;3.01012775600064;2236 Shannon St;27610;NA;No;82;7/1/1952 12:00:00 AM;131121.689819336;1902.84981378358;C;1;1;Southeast;2;0;35.7719;-78.6095;4;;dba6ad2d-0642-43c0-b889-d423e7d153e6
110;Sherwood Forest;Open Space;OS-37;2;Undeveloped;18.6045856633104;1120 Beverly Dr;27610;NA;No;83;9/1/1969 12:00:00 AM;810418.993286133;5793.53964985453;C;1;1;Southeast;2;0;35.76058;-78.59732;4;;7f4d23a0-ecf6-483d-a1f2-c0e1647c2daa
111;Brentwood;Neighborhood;N-2;2;Developed;21.097061835413;3315 Vinson Ct;27604;NA;No;84;10/13/1970 12:00:00 AM;918991.689453125;5530.31714397277;A;1;1;Atlantic;6;0;35.82856;-78.59885;2;https://raleighnc.gov/places/brentwood-park;4269e663-1e29-48da-b920-269417d81537
112;Fred Fletcher;Neighborhood;N-21;3;Developed;21.2469579200479;805 Washington St;27605;NA;No;85;7/2/1981 12:00:00 AM;925521.189575195;4368.12169797329;D;1;1;Five Points;4;0;35.79264;-78.64957;3;https://raleighnc.gov/places/fred-fletcher-park;db2b16e9-4b5f-48e5-8eab-1363148bbdf6
113;Peach Road;Neighborhood;N-22;1;Developed;6.96029937732345;911 Ileagnes Rd;27603;NA;No;86;8/23/1984 12:00:00 AM;296541.948242188;2320.47083221551;D;1;1;Southwest;1;0;35.74209;-78.65482;3;https://raleighnc.gov/places/peach-road-park;0be3687a-1cdb-45fa-b74e-b8261ead51f6
114;Tarboro Road;Neighborhood;N-23;1;Developed;3.18262010006464;121 N Tarboro St;27601;NA;No;87;12/1/1978 12:00:00 AM;138635.486328125;1523.22949519072;C;1;1;North Central;5;0;35.7813;-78.62286;4;https://raleighnc.gov/places/tarboro-road-park;7eb1e383-0c1d-491c-a766-b8593701ae5a
115;Kaplan;Neighborhood;N-24;2;Developed;5.19045217026616;5208 Kaplan Dr;27606;NA;No;88;9/25/1978 12:00:00 AM;226097.000854492;2976.93768246665;D;1;1;West;1;0;35.77483;-78.71188;3;https://raleighnc.gov/places/kaplan-park;38f19197-d785-4bdb-829a-9354423289e0
116;Spring Forest Road;Neighborhood;N-26;1;Developed;21.8088671951063;4203 Spring Forest Rd;27616;NA;No;89;1/1/1986 12:00:00 AM;949998.055175781;4316.43360823695;B;1;1;Northeast;6;0;35.85899;-78.56884;2;https://raleighnc.gov/places/spring-forest-road-park;0ed75a4a-0292-446a-ae58-27da6db21686
117;Jaycee;Community;C-5;1;Developed;24.849975044865;2405 Wade Ave;27607;NA;Yes;90;5/21/1952 12:00:00 AM;1082469.24291992;4844.08074220109;D;1;1;Hillsborough-Wade;4;0;35.79927;-78.66366;3;https://raleighnc.gov/places/jaycee-park;59fdadb0-9f4e-4454-b4d4-531347f6b670
118;Laurel Hills;Community;C-6;1;Developed;48.1847794814426;3808 Edwards Mill Rd;27612;NA;Yes;91;5/14/1975 12:00:00 AM;2098937.38952637;6272.62893911926;E;1;1;Northwest;4;0;35.82986;-78.69733;1;https://raleighnc.gov/places/laurel-hills-park;1b57f352-7ca5-4319-a413-6c68331f45ef
119;Powell Drive;Neighborhood;N-15;1;Developed;8.64217422908868;740 Powell Dr;27606;NA;Yes;92;6/15/1972 12:00:00 AM;376454.615234375;2512.58285568137;D;1;1;West;1;0;35.779;-78.71436;3;https://raleighnc.gov/places/powell-drive-park;be1ab92b-2fdc-4306-b3be-e1cbfbd2805a
120;Green Road;Community;C-14;1;Developed;26.5977202038524;4201 Green Rd;27604;NA;No;93;12/30/1973 12:00:00 AM;1158601.3269043;4300.51058216477;A;1;1;Atlantic;6;0;35.8409;-78.59225;2;https://raleighnc.gov/places/green-road-park;33b98220-53cc-4f1b-ba44-572868220954
121;Berkshire Downs West;Mini;M-19;1;Developed;7.84035492520782;8105 McGuire Dr;27616;NA;No;94;3/18/1987 12:00:00 AM;341527.22644043;2997.69951957919;B;1;1;Forestville;6;0;35.88208;-78.55656;2;https://raleighnc.gov/places/berkshire-downs-west-park;452ae70d-65ca-44b1-b36c-35a1a9174a52
122;Barwell Road;Community;C-19;2;Developed;54.4652708948572;5857 Barwell Park Dr;27610;NA;No;95;2/22/2001 12:00:00 AM;2372516.69055176;13235.4755768258;C;1;1;Southeast;2;0;35.73148;-78.54671;4;https://raleighnc.gov/places/barwell-road-park;cb8f91cf-eaaa-4cbc-b688-85afb499a85b
123;Culpepper Circle;Open Space;OS-24;0;Developed;0.769089186175226;Right of Way;27610;NA;No;96;;33501.6589355469;752.277513087018;C;1;1;East;2;0;35.78793;-78.60316;4;;cde9e3d0-46ac-4f9a-bc30-26af1f87e454
124;Smallwood;Open Space;OS-38;1;Undeveloped;2.12024017827818;1800 Bellwood Dr;27605;NA;No;97;;92358.0318603516;2319.63473384984;D;1;1;Hillsborough-Wade;4;0;35.78934;-78.65573;3;;3b9781d4-954a-4db2-b3c0-849963561581
126;Walnut Creek Wetland Park;Greenway;G-160;3;Developed;59.3203706689601;950 Peterson St;27610;1509 Garner Rd;No;185;;2582910.86022949;8862.81907675938;C;1;1;South Central;2;0;35.75886;-78.62717;4;https://raleighnc.gov/places/walnut-creek-wetland-park;364f9756-0ac5-490e-941b-97129be535a4
127;FEMA HMGP Phase 1 - 1b;Open Space;OS-19;5;Undeveloped;2.23186005426884;4104 Converse Dr;27609;NA;No;186;10/18/1999 12:00:00 AM;97220.2127685547;1461.9326739173;A;1;1;Midtown;Not Assigned;1;35.83728;-78.62659;2;;33f0dd5b-64ff-402a-a4b5-7daf70feb285
128;FEMA HMGP Phase 1 - 1a;Open Space;OS-19;1;Undeveloped;0.310570311710106;4104 Converse Dr;27609;NA;No;187;10/18/1999 12:00:00 AM;13528.4968261719;479.334318143785;A;1;1;Midtown;Not Assigned;1;35.83907;-78.62624;2;;63feffe9-31af-4a93-b7e8-8d067eb0f563
129;FEMA HMGP Phase 1 - 3a;Open Space;OS-49;1;Undeveloped;0.208272054607262;829 Young St;27608;NA;No;188;10/8/1999 12:00:00 AM;9072.3671875;421.055911608537;E;1;1;Five Points;Not Assigned;1;35.81135;-78.62385;2;;465b541e-09e6-4ba1-9f45-862d6c8bfeae
130;FEMA HMGP Phase 1 - 3b;Open Space;OS-49;1;Undeveloped;0.215363043098885;829 Young St;27608;NA;No;189;10/8/1999 12:00:00 AM;9381.25170898438;424.289443725296;E;1;1;Five Points;Not Assigned;1;35.81151;-78.6233;2;;46805b45-0e03-40d4-b82e-543cd0d24398
131;FEMA HMGP Phase 1 - 3c;Open Space;OS-49;1;Undeveloped;0.180252856756962;829 Young St;27608;NA;No;190;10/8/1999 12:00:00 AM;7851.845703125;384.175449551391;E;1;1;Five Points;Not Assigned;1;35.81151;-78.62254;2;;cbfd9923-345e-4654-aa1d-4360fd08c921
132;FEMA HMGP Phase 1 - 3 Ann St;Open Space;OS-49;3;Undeveloped;0.689140221424105;829 Young St;27608;NA;No;191;10/8/1999 12:00:00 AM;30019.0677490234;699.901490970564;E;1;1;Five Points;Not Assigned;1;35.81194;-78.62372;2;;3333bb0c-d89f-4989-86de-6db4d1f55a1c
133;FEMA HMGP Phase 1 - 3 Nobel;Open Space;OS-49;8;Undeveloped;1.88058139167694;829 Young St;27608;NA;No;192;10/8/1999 12:00:00 AM;81918.4530029297;1283.3802556412;E;1;1;Five Points;Not Assigned;1;35.81189;-78.62469;2;;9c5393a0-9ab5-45d7-80ad-36397263e390
134;FEMA HMGP Phase 1 - 4a;Open Space;OS-50;1;Undeveloped;0.347026330429521;500 Bailey Dr;27610;"517,600 Bailey Dr; 1813,1817,1809 Waller Pl";No;193;10/14/1999 12:00:00 AM;15261.9672851563;494.360361385451;C;1;1;South;Not Assigned;1;35.75583;-78.63092;4;;0e4e902c-6f5b-481e-aefd-bb6740cef195
135;FEMA HMGP Phase 1 - 4b;Open Space;OS-50;5;Undeveloped;1.04220506820872;500 Bailey Dr;27610;"517,600 Bailey Dr; 1813,1817,1809 Waller Pl";No;194;10/14/1999 12:00:00 AM;44654.26953125;1158.61530090763;C;1;1;South;Not Assigned;1;35.75655;-78.62988;4;;a0e2e756-f08e-4f8b-871d-bc7165b5e883
136;Pearl Road;Special;SP-11;1;Undeveloped;155.046115463637;4800 Pearl Rd;27610;6400 Diamond Dr;No;195;;6753835.80505371;13407.4182620425;C;1;1;South;2;0;35.71828;-78.55421;4;;acaead69-723f-4434-9807-1aaad061a5cc
137;Smoky Hollow;Special;SP-12;1;Undeveloped;13.659741421429;1027 N West St;27603;NA;No;196;;595020.716430664;4248.01509820375;D;1;1;Mordecai;Not Assigned;0;35.79118;-78.64322;4;;f9f499ca-bd68-45c5-9bf9-667cfa4f81d7
138;Buck Jones;Open Space;OS-5;3;Undeveloped;2.33487450662004;473 Buck Jones Rd;27606;NA;No;126;10/20/1967 12:00:00 AM;101707.540039063;1799.6167793085;D;1;1;West;1;0;35.7769;-78.73199;3;;f28e2241-328b-48cd-bc1a-d11a72a0d349
139;FEMA HMGP Phase 1 - 5;Open Space;OS-51;2;Undeveloped;1.23351099007382;2008 Weybridge Dr;27615;6925 Slade Hill Rd;No;127;10/5/1999 12:00:00 AM;53731.9538574219;1027.85014529028;A;1;1;North;Not Assigned;1;35.87452;-78.60491;2;;3151ef20-91fe-4db4-9edb-962a17be6e86
140;FEMA HMGP Phase 1 - 7;Open Space;OS-53;1;Undeveloped;0.78548549939473;2817 Avent Ferry Rd;27606;NA;No;128;10/15/1999 12:00:00 AM;32988.2248535156;748.760502311599;D;1;1;Southwest;Not Assigned;1;35.76991;-78.68896;3;;df0a1456-bbf1-4575-8c8b-54ebffe6f6e0
141;Municipal Building;Special;SP-16;3;Developed;3.65513096312972;222 W Hargett St;27601;NA;No;129;12/7/1971 12:00:00 AM;159218.141479492;1660.93931367098;D;1;1;Central;5;0;35.77903;-78.64255;4;;b6ba29f5-daa3-4852-9154-3429368d0005
142;Fayetteville St;Special;SP-2;0;Developed;4.03225312568321;Right of Way;27601;NA;No;130;;175645.648803711;3739.44494753167;C;1;1;Central;5;0;35.77708;-78.63927;4;;7ba23a88-3fcb-4501-94cf-d1f26b729809
143;Hymettus Woods;Special;SP-20;1;Developed;4.51638702383994;901 Dixie Trl;27607;NA;No;131;8/20/1969 12:00:00 AM;195176.305786133;2998.20999626808;D;1;1;Hillsborough-Wade;4;0;35.8019;-78.67693;1;https://raleighnc.gov/places/hymettus-woods-park;3b7c9eb9-0009-4e39-90ae-0a0d5b6532f0
144;New Bern Place;Special;SP-22;2;Developed;0.10869104676431;218 New Bern Pl;27601;NA;No;132;4/1/1969 12:00:00 AM;4347.03942871094;329.053045523485;C;1;1;Central;5;0;35.78009;-78.63544;4;;fadc0367-3072-437a-a9d8-7168bfefa87b
145;Mordecai Annex;Special;SP-23;2;Undeveloped;0.726466579971999;913 Mordecai Dr;27604;915 Mordecai Dr;No;133;8/22/1989 12:00:00 AM;31645.0106201172;721.982552713645;C;1;1;Mordecai;5;0;35.79251;-78.63464;4;;284e42c9-5b1b-4836-a0c3-31a7df00c727
146;Brier Creek;Community;C-23;1;Developed;9.97426566410957;10810 Globe Rd;27617;NA;No;135;8/13/2003 12:00:00 AM;434480.75012207;2907.11485091264;E;1;1;Northwest;3;0;35.90051;-78.80682;1;https://raleighnc.gov/places/brier-creek;0d4a6e6e-1001-4749-a5ab-f2dcc8b884fc
147;Mordecai Square;Special;SP-3;2;Developed;3.16434550368445;1 Mimosa Street;27604;NA;No;136;10/16/1969 12:00:00 AM;137839.441162109;2007.62218207537;C;1;1;Mordecai;5;0;35.79282;-78.63316;4;https://raleighnc.gov/places/mordecai-historic-park;d3117de4-375d-4055-b846-5b57e80f84fd
148;Canoe Launch at Falls Lake;Special;SP-30;1;Developed;9.13420547382339;13304 Creedmoor Rd;27587;NA;Yes;137;3/15/1997 12:00:00 AM;397887.581665039;3718.69499411933;B;0;1;North;6;0;35.93991;-78.5771;2;;604cdec2-7685-4491-80b9-6e137852bcd3
149;Moore Square;Special;SP-4;1;Developed;4.09028659197361;201 South Blount St;27601;NA;No;138;;178173.596801758;1689.14782926622;C;1;1;Central;5;0;35.77749;-78.6358;4;https://raleighnc.gov/places/moore-square;386975ef-e984-4786-bb98-31610e1c6475
150;Forestville Road Property;Neighborhood;N-40;1;Undeveloped;26.29336825108;4913 Forestville Rd;27616;NA;No;139;10/1/2004 12:00:00 AM;1126747.94104004;4858.68546852492;B;1;1;Forestville;6;0;35.84866;-78.50827;4;;c0cebdfa-2f92-4f2d-ac50-875002c735c3
151;Poole Road Property;Neighborhood;N-39;2;Undeveloped;5.63109802697686;5326 Poole Rd;27610;NA;No;140;10/17/2003 12:00:00 AM;245291.611083984;2288.15762433997;C;1;1;Southeast;2;0;35.75834;-78.55025;4;;65147191-b4b1-44e3-b83a-61df8bb53434
152;Charlotte H Green;Neighborhood;N-25;3;Undeveloped;1.02338016732113;3103 White Oak Rd;27609;NA;No;141;12/30/1986 12:00:00 AM;44578.6177978516;927.145168971396;E;1;1;Glenwood;4;0;35.81888;-78.64513;2;;4ea60819-58f3-423b-8d02-010bf6449a99
153;Watkins Road Property;Community;C-22;1;Undeveloped;38.3612864186077;0 Watkins Rd;27616;NA;No;142;7/30/2003 12:00:00 AM;1671024.3203125;7375.39263151192;B;0;0;;6;0;35.86637;-78.49544;4;;7dde1f04-ffd1-47f6-acee-77b77b495d7b
154;Hwy 50 - Beaverdam;Special;SP-35;1;Undeveloped;212.21032412893;1201-1601 Danbury Rd;27587;NA;No;143;5/9/2007 12:00:00 AM;9243918.69543457;16862.5538047023;;0;0;;3;0;36.05429;-78.68887;;;0ad62fa1-adb4-4fc5-8e94-78f6ea91c858
155;Buffaloe Road Athletic;Metro;METRO-8;1;Developed;165.581188683855;5900 Buffaloe Rd;27604;NA;No;144;7/7/1999 12:00:00 AM;7212745.43103027;11695.9235529162;B;1;1;Northeast;6;0;35.83827;-78.53622;4;https://raleighnc.gov/places/buffaloe-road-athletic-park;ea398c1d-4ea9-43d2-8a76-a3792a362d10
156;Carolina Pines;Community;C-2;1;Developed;38.7141523948439;2305 Lake Wheeler Rd;27603;NA;Yes;145;1/1/1962 12:00:00 AM;1686395.22277832;7204.42619178444;D;1;1;Southwest;1;0;35.74857;-78.66727;3;https://raleighnc.gov/places/carolina-pines-park;55f7637b-810b-47aa-8c38-581809d7e293
157;Annie Louise Wilkerson, MD Nature Preserve;Nature Preserve;NP-4;2;Developed;156.321374184739;11408 Raven Ridge Rd;27614;NA;No;146;9/15/2005 12:00:00 AM;6836433.34484863;11882.6746287996;;0;0;;3;0;35.92369;-78.59887;;https://raleighnc.gov/places/annie-louise-wilkerson-md-nature-preserve;7ab57cbd-3ba8-4ca5-b8c1-78d654b5ae2f
158;Honeycutt;Neighborhood;N-29;1;Developed;29.992384782785;1032 Clear Creek Farm Rd;27615;NA;No;147;6/12/1996 12:00:00 AM;1306473.50708008;5487.62507062741;;0;0;;3;0;35.9023;-78.6259;;https://raleighnc.gov/places/honeycutt-park;50e7d917-3d17-42a4-b8ac-a4d3aacc8779
159;Durant Annex;Special;SP-36;1;Undeveloped;15.057349490719;8305 Camp  Durant Rd;27615;NA;No;148;4/9/1999 12:00:00 AM;655900.767333984;3524.78797709184;B;1;1;North;6;0;35.89039;-78.57469;2;;64094fcf-18a3-4949-bcb4-706a9049c426
160;Milburnie;Community;C-21;8;Developed;88.1742403306308;1101 Old Milburnie Rd;27604;NA;No;149;6/1/1990 12:00:00 AM;3840885.27270508;15173.0085172588;B;1;1;Northeast;Not Assigned;0;35.80284;-78.54224;4;;1e0a09b5-d928-4b9d-8e45-76603d8ad4c1
161;Highhill Road Property;Neighborhood;N-42;1;Undeveloped;6.43058347308101;8805 Highhill Rd;27615;NA;No;150;12/27/2007 12:00:00 AM;280117.336547852;2156.03815581922;A;1;1;North;3;0;35.90521;-78.64383;2;;4d7f1ccf-b5c4-4a7d-af95-943f1cc09d08
162;Latta University Historic Park;Special;SP-37;1;Developed;1.97278505664627;1001 Parker St;27607;NA;No;151;11/16/2007 12:00:00 AM;86586.6705322266;1203.0403598573;D;1;1;Hillsborough-Wade;4;0;35.79631;-78.66302;3;;9065f69e-a929-41a4-96a5-ce135e7a5dfc
163;Millbrook-Exchange;Community;C-4;2;Developed;69.5296424976346;1815 Spring Forest Rd;27615;NA;No;152;1/1/1971 12:00:00 AM;3028723.34191895;8698.37815545266;A;1;1;North;3;0;35.87069;-78.60457;2;https://raleighnc.gov/places/millbrook-exchange-park;e824fd69-bcb9-46e4-8d52-7d531bd1d7cc
164;Hertford Village;Mini;M-7;1;Developed;0.324038042576298;205 Blanchard St;27603;NA;No;153;1/1/1970 12:00:00 AM;14115.1535644531;465.957225755966;D;1;1;Southwest;1;0;35.74427;-78.64301;4;https://raleighnc.gov/places/hertford-village-park;fa4796be-371f-43ad-b87c-17077e34f55c
165;Ridge Road;Neighborhood;N-8;1;Developed;6.77589824419606;1709 Ridge Rd;27607;NA;No;154;7/30/1981 12:00:00 AM;291515.638793945;2553.58743650426;E;1;1;Glenwood;4;0;35.81387;-78.68516;1;;d0eef55c-aaf7-4fd6-9149-4f3f97bda50b
166;West Park;Open Space;OS-31;1;Developed;3.39721677186516;300 W Park Dr;27605;NA;No;155;9/12/1928 12:00:00 AM;147983.354492188;3236.25744422239;D;1;1;Hillsborough-Wade;4;0;35.78554;-78.65385;3;;e688a05b-9ab1-445e-b764-f0e78ac7c1ad
167;Baileywick;Community;C-16;1;Developed;50.2757838661663;9501 Baileywick Rd;27615;NA;No;156;10/31/1995 12:00:00 AM;2190021.9050293;8723.9683907233;A;1;1;North;3;0;35.90759;-78.66848;1;https://raleighnc.gov/places/baileywick-park;f92a2341-6b01-4f68-92ab-7d81a0aafc36
168;River Cane Wetland Park;Neighborhood;N-43;1;Undeveloped;27.2433490496525;4700 Kyle Dr;27616;NA;No;157;10/29/2008 12:00:00 AM;1186725.03198242;4514.11750315753;B;1;1;Northeast;6;0;35.84327;-78.56509;4;;1bc5db6c-ee60-4c68-a239-e236e1e73b21
169;Convention Center;Special;SP-40;1;Developed;4.00096787865067;500 S. Salisbury St;27601;NA;No;158;7/2/2004 12:00:00 AM;173355.054443359;1665.50026955216;D;1;1;Central;5;0;35.77365;-78.64126;3;;2cef62f8-821f-468f-815a-32964c7f0396
170;Lake Wheeler;Metro;METRO-2;8;Developed;873.91900007076;6404 Lake Wheeler Rd;27603;NA;Yes;159;1/5/1956 12:00:00 AM;38068063.9146729;59830.049223249;;0;0;;1;0;35.6932;-78.708;;https://raleighnc.gov/places/lake-wheeler-park;dae16c1d-b1c4-470e-986d-1280004c4c52
171;Greystone Recreation Center;Neighborhood;N-45;1;Developed;0.223271178416224;7713-55 Leadmine Rd;27615;NA;No;160;;9855.09985351563;405.020829585191;A;1;1;North;3;0;35.88685;-78.66021;1;https://raleighnc.gov/places/greystone-recreation-center;875deb0c-f56f-41d9-8ed9-d3c242117c55
172;O'Rorke-Catholic Cemetery;Special;SP-18;1;Developed;0.978910835931298;1101 Pender St;27610;NA;No;161;8/3/2009 12:00:00 AM;42641.5266113281;835.611172268134;C;1;1;North Central;Not Assigned;0;35.78289;-78.62169;4;;a847cc48-f17e-404f-8a7e-905d4d73137f
173;Mount Hope Cemetery;Special;SP-19;1;Developed;28.5668089609764;1120 Fayetteville St;27601;NA;No;162;1/4/1927 12:00:00 AM;1244375.17541504;5140.24314841583;D;1;1;Central;1;0;35.76451;-78.6457;3;;8d005164-e762-4b20-872f-7a803ba6471c
174;Leesville;Community;C-13;2;Developed;55.9914400269071;5105 Country Trail;27613;NA;No;163;10/2/1990 12:00:00 AM;2438996.88366699;6299.85778238699;E;1;1;Northwest;3;0;35.88424;-78.71549;1;https://raleighnc.gov/places/leesville-park;b34337a7-e5b4-45cf-85a5-f19a3d903fdb
175;City Plaza;Special;SP-38;1;Developed;1.11496867859325;421 Fayetteville St;27601;NA;No;164;;48568.2301025391;1150.00146502421;D;1;1;Central;5;0;35.77442;-78.63937;4;;8c1ac200-bceb-445b-aba1-4c9708c25537
176;Neuse River Park;Community;C-24;1;Undeveloped;84.104803776992;12098 Old Falls of Neuse Rd;27587;NA;No;165;3/27/2010 12:00:00 AM;3663619.90686035;15465.0490344748;B;1;1;North;6;0;35.93476;-78.57254;2;;4369d9f8-da64-461f-9532-930e869942ce
177;Avent Ferry Rd;Open Space;OS-82;1;Undeveloped;2.33995488966308;4200 Avent Ferry Rd;27606;NA;No;166;12/1/1981 12:00:00 AM;101928.842407227;1718.99184405281;D;1;1;West;1;0;35.76622;-78.71195;3;;043e4378-f8db-4b96-95b6-5cca9c91b60b
178;Hodges Mill Creek Property;Community;C-25;1;Undeveloped;49.1560072128576;5150 Watkins Rd;27591;NA;No;167;2/26/2010 12:00:00 AM;2141244.2388916;7707.18318476431;B;1;1;Forestville;Not Assigned;0;35.85212;-78.47928;4;;348e70d0-50c1-4143-9486-d256b3c1dde6
179;Civic Center Parking Lot;Special;SP-13;2;Developed;2.5020565679398;10 W South St;27601;NA;No;168;6/27/1975 12:00:00 AM;108990.020019531;1457.99989933846;D;1;1;Central;5;0;35.77256;-78.6395;4;;205ed33d-e81d-4c0f-be00-335bd7959756
180;Lake Johnson;Metro;METRO-3;19;Developed;472.34404915714;4601 Avent Ferry Rd;27606;NA;Yes;169;1/1/1952 12:00:00 AM;20575389.0830078;33472.4424958941;D;1;1;West;1;0;35.75918;-78.71024;3;https://raleighnc.gov/places/lake-johnson-park;2d731c33-5068-4705-9408-77680d9f6a80
181;Sunnybrook Road Property;Neighborhood;N-41;1;Undeveloped;20.5647876460447;141 Sunnybrook Rd;27610;NA;No;170;2/24/2006 12:00:00 AM;895805.733154297;7164.81970782302;C;1;1;Southeast;2;0;35.77721;-78.57699;4;;4271ff62-82bf-4e02-868b-e7a6fbdb0d49
182;River Bend;Neighborhood;N-46;1;Developed;25.7028644406191;5610 Wallace Martin Way;27616;NA;No;171;8/23/2012 12:00:00 AM;1122965.56469727;4831.44104101943;B;1;1;Forestville;6;0;35.86089;-78.52886;4;;7a7856ce-a905-407e-9851-302256d692a8
183;Five Points Center for Active Adults;Special;SP-48;1;Developed;4.73334723529176;2000 Noble Road;27608;NA;No;172;;206185.430297852;2390.99062238843;E;1;1;Five Points;4;0;35.80878;-78.63482;2;https://raleighnc.gov/places/five-points-center-active-adults;686a83fb-8f84-48e3-b885-6774ced42606
184;Forest Ridge;Metro;METRO-11;1;Developed;580.767928973946;11405 Falls of Neuse Rd;27587;NA;No;173;;25298352.180542;72566.5798497792;;0;0;;6;0;35.96515;-78.58743;;https://raleighnc.gov/places/forest-ridge-park;eff5247a-4f71-448b-b72a-7272d2baaab0
185;Abbotts Creek;Community;C-26;2;Developed;29.1151862615972;9950 Durant Rd;27614;NA;No;174;;1268262.58654785;6639.47733237253;B;1;1;North;6;0;35.90393;-78.57896;2;https://raleighnc.gov/places/abbotts-creek-park;bd3718fc-693c-4c2c-93f0-04c09b2fcc52
186;Maybrook Forest;Neighborhood;N-47;2;Undeveloped;38.2360101470446;2776 Maybrook Crossing Dr;27610;NA;No;175;2/19/2015 12:00:00 AM;1665567.2635498;7629.68242751049;C;0;1;Southeast;2;0;35.75329;-78.57267;4;;12be9340-8ec0-4532-85aa-2092052f3b59
187;Dorothea Dix Park;Metro;METRO-10;3;Developed;307.977093496258;900 S Boylan Ave;27603;NA;No;176;12/28/2012 12:00:00 AM;13415535.8547363;24030.7583096915;D;1;1;Southwest;Destination Parks;0;35.76847;-78.6557;3;https://raleighnc.gov/places/dorothea-dix-park;118368f1-d2aa-4d92-b891-6e15fc35b4c1
188;Chester & Oberlin;Open Space;OS-61;0;Undeveloped;0.495614983170946;Right of Way;27608;NA;No;177;;21589.0747070313;659.961444114827;E;1;1;Hillsborough-Wade;4;0;35.80137;-78.65961;3;;c67e9565-1372-4512-951a-03890238c368
189;Glenwood & Wake;Open Space;OS-65;0;Undeveloped;0.471163792186698;Right of Way;27608;NA;No;178;;20523.9759521484;974.542365352635;E;1;1;Five Points;Not Assigned;0;35.81194;-78.65085;3;;f6624583-e58f-42da-bdab-4e8f0ee44f88
190;3602 Woodlea Dr;Open Space;OS-83;2;Undeveloped;1.39675468535507;3602 Woodlea Dr;27604;3604 Woodlea Dr;No;179;;60842.8778076172;1044.83284961941;A;1;1;Atlantic;Not Assigned;1;35.82557;-78.59599;2;;0b141e6c-5f74-44a9-a479-2cf691b582c5
193;3800 Rock Quarry Road;Neighborhood;N-48;1;Undeveloped;5.01907049854588;3800 Rock Quarry Rd;27610;NA;No;182;;218631.585083008;2077.2096164627;C;0;1;South;2;0;35.73829;-78.58356;4;;7a968cbe-c7a5-4a94-ba01-e5a11daba29b
194;John Winters;Greenway;G-80;1;Developed;1.51968522242148;528 E Hargett St;27601;NA;No;183;;66540.2424316406;1180.57013949678;C;1;1;South Central;5;0;35.77735;-78.63133;4;;bfd4ec8e-3b12-45a6-9069-0192cfc427f7
195;Raymond G. Lanier;Mini;OS-40;0;Developed;0.0529448067118555;Right of Way;27603;NA;No;197;;2306.28527832031;227.175494529982;D;1;1;Central;5;0;35.77676;-78.65002;3;;614996fc-a27e-4f91-a6fd-79e0c557fc4b
196;Lassiter Mill;Greenway;G-104;3;Developed;3.21170826592381;825 Lassiter Pl;27609;3300 Lassiter Mill Rd;No;198;4/1/1985 5:00:00 AM;139902.570922852;2526.42588765998;E;1;1;Glenwood;Not Assigned;0;35.827;-78.65033;1;;47524b14-0cd6-48eb-abe2-b5eaf1bf44cd
197;Walnut Terrace;Special;SP-10;3;Developed;1.71448240880663;1256 McCauley St;27601;NA;No;104;;74683.1524658203;1072.22522293638;D;1;1;Central;1;0;35.76671;-78.6407;3;https://raleighnc.gov/places/walnut-terrace-park;5a1f48d0-a442-4db7-a797-d406327bfa24
198;Municipal Building Green;Mini;N-49;2;Developed;0.396475301404094;222 W Hargett St;27601;NA;No;199;12/7/1971 12:00:00 AM;17270.533203125;587.912942350761;D;1;1;Central;5;0;35.77939;-78.64316;4;;b3017671-8e29-4241-a014-0a6e0326132a
199;Mount Herman;Special;SP-31;2;Undeveloped;48.6192491335603;6205 Mt Herman Rd;27617;6121 Mt Herman Rd;No;202;;2089783.5892334;6485.64231268841;E;1;1;Northwest;3;0;35.91638;-78.7628;1;;6a8364e3-a5a2-482d-a519-234ac3cabcc1
200;Exchange Plaza;Special;SP-49;0;Developed;0.204410164158858;1 Exchange Plaza;27601;NA;No;200;;8904.14233398438;503.919020720076;C;1;1;Central;5;0;35.77753;-78.63872;4;;b2517898-3850-44c6-85bc-4b379cd71aa4
201;Market Plaza;Special;SP-50;0;Developed;0.21126938070465;1 Market Plaza;27601;NA;No;201;;9202.93115234375;507.276745500098;C;1;1;Central;5;0;35.77726;-78.63874;4;;0d03ce5c-0b50-4aaf-a8e1-c2d25dfe5043
205;Poole Road Canoe Launch;Greenway;G-507;2;Developed;7.1569859115272;6501 Poole Rd;27610;NA;No;203;1/1/1972 12:00:00 AM;311759.553100586;2350.15064919538;;0;1;Southeast;Not Assigned;0;35.75524;-78.53342;4;;a6253d05-9ddc-474d-b774-813e5ba43f90
214;Tucker House;Special;SP-9;2;Developed;0.671998479136794;418 N Person Street;27601;;No;204;4/11/1974 1:07:20 PM;29272.3709716797;697.530771632008;C;1;1;North Central;5;0;35.78534;-78.63409;4;https://raleighnc.gov/places/tucker-house;3953250b-6695-4aa7-98e8-2b4935937624
225;Pope House;Special;SP-41;1;Developed;0.0920849515246872;511 S Wilmington Street;27601;;No;205;8/19/2011 12:00:00 AM;4011.23645019531;270.763416894561;C;1;1;Central;5;0;35.77372;-78.63819;4;;4ee63ef4-5f43-44ab-9134-f3749c406758
226;City of Raleigh Museum;Special;SP-47;1;Developed;0.152715899702784;220 Fayetteville St;27601;;No;206;;6632.5859375;483.138862767798;C;1;1;Central;Not Assigned;0;35.77767;-78.63976;4;https://raleighnc.gov/parks/content/PRecRecreation/Articles/HRMCityMuseum.html;6e6d6462-df04-4814-a731-aed933300ab2
240;Chavis Way;Greenway;G-124;3;Developed;3.14592286857099;528 E Hargett St;27601;"530 E MartinSt;401 Chavis Way";No;184;;137036.948242188;3228.25912604759;C;1;1;South Central;5;0;35.77594;-78.63113;4;;65a3c93b-d407-4083-a844-db59e11d89c5
269;Joslin Garden;Special;SP-51;1;Developed;4.1636355182033;2431 W Lake Dr;27609;NA;No;207;;179610.72668457;2314.28335577834;E;1;1;Glenwood;4;0;35.81719;-78.64659;2;;28536955-f2c9-4219-a7f4-1bcd44fdf84c
337;Winthrop Drive;Greenway;N-49;2;Undeveloped;6.44847166253941;5613 Winthrop Dr;27612;5701 Winthrop Dr;No;208;11/10/2020 12:00:00 AM;280896.549438477;2444.71487043472;E;1;1;Northwest;3;0;;;1;;0c8c2b76-3d84-4c47-a5a2-88a12857d676
364;Pullen;Metro;METRO-1;1;Developed;66.3826898778;410 Park Ave;27606;NA;No;32;5/4/1887 12:00:00 AM;2891641.53674316;11809.4916409386;D;1;1;Hillsborough-Wade;Destination Parks;0;35.7806;-78.66396;3;https://raleighnc.gov/places/pullen-park;effb836b-bfac-4cf6-9a95-d0d10972726c